unit,hazard,nace_r2,waste,geo\time	2004 	2006 	2008 	2010 	2012 	2014 	2016 
T,HAZ_NHAZ,A,TOTAL,AT	468629 	512872 	459096 	550439 	179044 	128124 	129834 
T,HAZ_NHAZ,A,TOTAL,BA	: 	: 	: 	: 	0 	: 	: 
T,HAZ_NHAZ,A,TOTAL,BE	1186648 	361827 	287656 	225622 	165463 	311835 	269190 
T,HAZ_NHAZ,A,TOTAL,BG	722228 	632966 	754286 	618107 	903119 	835401 	617689 
T,HAZ_NHAZ,A,TOTAL,CY	378416 	131541 	126651 	129184 	18203 	19856 	19453 
T,HAZ_NHAZ,A,TOTAL,CZ	1244149 	315585 	254546 	113683 	196063 	135313 	114575 
T,HAZ_NHAZ,A,TOTAL,DE	1226989 	1515272 	1350758 	256272 	648869 	438829 	1126134 
T,HAZ_NHAZ,A,TOTAL,DK	24038 	27550 	40731 	189101 	75225 	117682 	201648 
T,HAZ_NHAZ,A,TOTAL,EE	183860 	118829 	240005 	109873 	77404 	121677 	113946 
T,HAZ_NHAZ,A,TOTAL,EL	4711294 	4711294 	0 	5073 	9979 	10976 	255170 
T,HAZ_NHAZ,A,TOTAL,ES	17986083 	15152405 	11355660 	5816630 	5496458 	5817439 	6271464 
T,HAZ_NHAZ,A,TOTAL,EU27_2020	63350000 	57030000 	45850000 	20540000 	20770000 	18090000 	20340000 
T,HAZ_NHAZ,A,TOTAL,EU28	64070000 	57700000 	46530000 	21000000 	21380000 	18710000 	20910000 
T,HAZ_NHAZ,A,TOTAL,FI	1537025 	2038408 	2738973 	2772031 	3157813 	4471 	0 
T,HAZ_NHAZ,A,TOTAL,FR	1221940 	1221940 	1312890 	1371625 	1290136 	1274216 	1315214 
T,HAZ_NHAZ,A,TOTAL,HR	121133 	72167 	18679 	14223 	75096 	269111 	496153 
T,HAZ_NHAZ,A,TOTAL,HU	3999629 	1997533 	336865 	487655 	460047 	520961 	484320 
T,HAZ_NHAZ,A,TOTAL,IE	8706 	0 	19376 	101143 	96251 	96251 	105033 
T,HAZ_NHAZ,A,TOTAL,IS	78559 	: 	: 	72071 	82097 	28885 	38357 
T,HAZ_NHAZ,A,TOTAL,IT	615288 	558481 	349096 	310912 	407979 	323518 	320928 
T,HAZ_NHAZ,A,TOTAL,LI	: 	: 	615 	306 	0 	0 	22 
T,HAZ_NHAZ,A,TOTAL,LT	874218 	874219 	786069 	455856 	481708 	421071 	252305 
T,HAZ_NHAZ,A,TOTAL,LU	11324 	11324 	2486 	2547 	1381 	3094 	30986 
T,HAZ_NHAZ,A,TOTAL,LV	208465 	96126 	74660 	68024 	2767 	36209 	362303 
T,HAZ_NHAZ,A,TOTAL,ME	: 	: 	: 	: 	0 	10661 	33290 
T,HAZ_NHAZ,A,TOTAL,MK	: 	: 	0 	0 	23 	84366 	40 
T,HAZ_NHAZ,A,TOTAL,MT	36 	7 	2667 	2888 	2709 	3018 	10563 
T,HAZ_NHAZ,A,TOTAL,NL	2392596 	2659520 	3468475 	4682517 	4618778 	4769683 	5085249 
T,HAZ_NHAZ,A,TOTAL,NO	148558 	172417 	184332 	195252 	150002 	192189 	161946 
T,HAZ_NHAZ,A,TOTAL,PL	1522976 	1522976 	1350163 	603472 	884425 	492106 	534931 
T,HAZ_NHAZ,A,TOTAL,PT	694144 	213722 	74760 	68829 	63215 	50294 	55520 
T,HAZ_NHAZ,A,TOTAL,RO	21019098 	21019098 	19204236 	608062 	470756 	559573 	507712 
T,HAZ_NHAZ,A,TOTAL,RS	: 	: 	: 	0 	0 	0 	101675 
T,HAZ_NHAZ,A,TOTAL,SE	314317 	314317 	314314 	308946 	273071 	655374 	804382 
T,HAZ_NHAZ,A,TOTAL,SI	76497 	214335 	132159 	141285 	164761 	102716 	63248 
T,HAZ_NHAZ,A,TOTAL,SK	605600 	741965 	788788 	525604 	549391 	574396 	788559 
T,HAZ_NHAZ,A,TOTAL,TR	0 	0 	0 	: 	: 	: 	: 
T,HAZ_NHAZ,A,TOTAL,UK	719198 	666485 	681314 	464297 	610133 	612429 	576195 
T,HAZ_NHAZ,A,TOTAL,XK	: 	: 	: 	: 	0 	0 	0 
T,HAZ_NHAZ,B,TOTAL,AT	621924 	1042516 	677937 	269151 	51339 	43232 	39305 
T,HAZ_NHAZ,B,TOTAL,BA	: 	: 	: 	: 	72364 	: 	: 
T,HAZ_NHAZ,B,TOTAL,BE	384179 e	159059 e	503487 	1701199 	81147 	65728 	37301 
T,HAZ_NHAZ,B,TOTAL,BG	171193249 	145731176 	149112027 	150214030 	141082596 	159280382 	98716372 
T,HAZ_NHAZ,B,TOTAL,CY	119472 	27882 	504686 	381794 	217888 	155399 	131244 
T,HAZ_NHAZ,B,TOTAL,CZ	707898 	471508 	166949 	114572 	167422 	233797 	143877 
T,HAZ_NHAZ,B,TOTAL,DE	55879699 	47222200 	28287600 	24493073 	8625187 	7431893 	7265142 
T,HAZ_NHAZ,B,TOTAL,DK	2067 	2061 	2430 	21653 	13242 	12067 	15648 
T,HAZ_NHAZ,B,TOTAL,EE	5305587 	5960972 	7197790 	6452793 	9354964 	7904520 	6301082 
T,HAZ_NHAZ,B,TOTAL,EL	1902330 	14887758 	38151604 	44793197 	47831627 	47356920 	56717173 
T,HAZ_NHAZ,B,TOTAL,ES	21779548 	26014629 	25716298 	31732305 	22509144 	18640873 	20299473 
T,HAZ_NHAZ,B,TOTAL,EU27_2020	717630000 	574640000 	520660000 	647780000 	709910000 	678990000 	625010000 
T,HAZ_NHAZ,B,TOTAL,EU28	752770000 	606420000 	554720000 	665460000 	726930000 	696600000 	642140000 
T,HAZ_NHAZ,B,TOTAL,FI	23819060 	21500896 	31796383 	54851000 	52880000 	62775117 	93661383 
T,HAZ_NHAZ,B,TOTAL,FR	165780 	1040400 	1195220 	1053025 	2477408 	2345765 	2399748 
T,HAZ_NHAZ,B,TOTAL,HR	347370 	344503 	34225 	28855 	5034 	5315 	635771 
T,HAZ_NHAZ,B,TOTAL,HU	1640251 e	26504 e	272490 e	86587 	91218 	82576 	147534 
T,HAZ_NHAZ,B,TOTAL,IE	4049344 	4765557 e	2061293 	2195671 	2084654 	2706594 	2398489 
T,HAZ_NHAZ,B,TOTAL,IS	1100 	: 	: 	65 	55 	0 	0 
T,HAZ_NHAZ,B,TOTAL,IT	761406 	1005261 	1262823 	705765 	685665 	981739 	758732 
T,HAZ_NHAZ,B,TOTAL,LI	: 	: 	11427 	11749 	28623 	9203 	14956 
T,HAZ_NHAZ,B,TOTAL,LT	3595 	5514 	3367 	6838 	25911 	24978 	42267 
T,HAZ_NHAZ,B,TOTAL,LU	45947 	56487 	9738 	18358 	131314 	129724 	37904 
T,HAZ_NHAZ,B,TOTAL,LV	80 	0 	2585 	786 	1968 	5288 	1001 
T,HAZ_NHAZ,B,TOTAL,ME	: 	: 	: 	: 	879 	262393 	323154 
T,HAZ_NHAZ,B,TOTAL,MK	: 	: 	: 	854854 	802124 	74589 	700548 
T,HAZ_NHAZ,B,TOTAL,MT	168 	0 	0 	56569 	40708 	36226 	151276 
T,HAZ_NHAZ,B,TOTAL,NL	294882 	216408 	269042 	184387 	179140 	131537 	62231 
T,HAZ_NHAZ,B,TOTAL,NO	116222 	125146 	113389 	365756 	470295 	333977 	333720 
T,HAZ_NHAZ,B,TOTAL,PL	38297927 	38671255 	33665850 	61547018 	68035432 	75736488 	70667483 
T,HAZ_NHAZ,B,TOTAL,PT	4761297 e	3563416 e	182657 	264140 	238382 	921523 	408888 
T,HAZ_NHAZ,B,TOTAL,RO	326606132 	199126793 	140677024 	177404235 	223292741 	152783566 	153917821 
T,HAZ_NHAZ,B,TOTAL,RS	: 	: 	: 	26460274 	47896363 	41504862 	38671285 
T,HAZ_NHAZ,B,TOTAL,SE	58599638 	62084293 	58701928 	89026207 	129480919 	138898168 	109720077 
T,HAZ_NHAZ,B,TOTAL,SI	128702 	376930 	54519 	11797 	14448 	7675 	12786 
T,HAZ_NHAZ,B,TOTAL,SK	210680 	331864 	150860 	165584 	310580 	289110 	316625 
T,HAZ_NHAZ,B,TOTAL,TR	: 	: 	0 	3909086 	4744868 	3114475 	8530860 
T,HAZ_NHAZ,B,TOTAL,UK	35137940 	31782794 	34057625 	17683251 	17017628 	17611777 	17136644 
T,HAZ_NHAZ,B,TOTAL,XK	: 	: 	: 	: 	177185 	201246 	397689 
T,HAZ_NHAZ,C,TOTAL,AT	15072970 	11470174 	13076830 	2958490 	3636406 	5395577 	5641050 
T,HAZ_NHAZ,C,TOTAL,BA	: 	: 	: 	: 	1213475 	: 	: 
T,HAZ_NHAZ,C,TOTAL,BE	18177314 	15307573 	10090329 	14327418 	12956261 	14327120 	14703988 
T,HAZ_NHAZ,C,TOTAL,BG	5610655 	4316435 	3447004 	3306468 	3008673 	3274860 	3469171 
T,HAZ_NHAZ,C,TOTAL,CY	556908 	174399 	137925 	131587 	98033 	613080 	811535 
T,HAZ_NHAZ,C,TOTAL,CZ	8618191 	5932365 	5292547 	4202465 	4376398 	4394322 	4670643 
T,HAZ_NHAZ,C,TOTAL,DE	30162763 	31705197 	52304324 	48981040 	56595631 	61083247 	55911876 
T,HAZ_NHAZ,C,TOTAL,DK	1552640 	1642642 	1454489 	1552155 	1376849 	1083548 	1016093 
T,HAZ_NHAZ,C,TOTAL,EE	6288386 	3981123 	3771574 	3715887 	4120946 	4406853 	8876284 
T,HAZ_NHAZ,C,TOTAL,EL	4554175 	5284710 	5702706 	4940825 	4183313 	4894471 	4651217 
T,HAZ_NHAZ,C,TOTAL,ES	28377050 	22427334 	19368659 	16479926 	14594016 	14813850 	14269033 
T,HAZ_NHAZ,C,TOTAL,EU27_2020	333920000 	316650000 	315140000 	249410000 	242590000 	246520000 	250640000 
T,HAZ_NHAZ,C,TOTAL,EU28	368980000 	344810000 	337980000 	260370000 	254110000 	256970000 	262440000 
T,HAZ_NHAZ,C,TOTAL,FI	18612953 	17976517 	16948362 	15211273 	14531463 	10292934 	9350226 
T,HAZ_NHAZ,C,TOTAL,FR	21433660 	22972976 	21640260 	21587442 	21431337 	21796889 	22094813 
T,HAZ_NHAZ,C,TOTAL,HR	3695174 	2432653 	1726759 	634415 	422654 	484906 	444841 
T,HAZ_NHAZ,C,TOTAL,HU	5071285 	5528243 	3788947 	3134037 	2990939 	2699460 	2688266 
T,HAZ_NHAZ,C,TOTAL,IE	5356309 	4067355 	4025624 	3259089 	3988608 	3468052 	5285250 
T,HAZ_NHAZ,C,TOTAL,IS	61012 	: 	: 	88199 	93097 	200664 	262468 
T,HAZ_NHAZ,C,TOTAL,IT	39471517 	39997386 	43085763 	35927619 	26881601 	26519662 	27819564 
T,HAZ_NHAZ,C,TOTAL,LI	: 	: 	32728 	32123 	12459 	12306 	11544 
T,HAZ_NHAZ,C,TOTAL,LT	2632070 	2741360 	2757738 	2647996 	2551321 	2608734 	2740589 
T,HAZ_NHAZ,C,TOTAL,LU	722764 	604216 	672899 	867410 	509431 	285694 	759081 
T,HAZ_NHAZ,C,TOTAL,LV	349319 	569624 	501287 	374867 	395958 	244721 	491956 
T,HAZ_NHAZ,C,TOTAL,ME	: 	: 	: 	: 	33297 	60606 	31685 
T,HAZ_NHAZ,C,TOTAL,MK	: 	: 	1362466 	1017008 	1303809 	1485156 	722170 
T,HAZ_NHAZ,C,TOTAL,MT	10206 	9860 	17231 	9078 	24702 	24522 	27069 
T,HAZ_NHAZ,C,TOTAL,NL	16078032 	15690050 	15817768 	14094074 	14111372 	13452298 	13827776 
T,HAZ_NHAZ,C,TOTAL,NO	2956380 	3605398 	3689060 	2687220 	2639160 	1683243 	1567319 
T,HAZ_NHAZ,C,TOTAL,PL	61514382 	61130525 	56745686 	28617767 	31134971 	31431202 	30072076 
T,HAZ_NHAZ,C,TOTAL,PT	10126210 	10929056 	3574121 	2742663 	2596907 	2523889 	2546030 
T,HAZ_NHAZ,C,TOTAL,RO	11406245 	9092700 	11064034 	7696852 	6056617 	6744590 	7793780 
T,HAZ_NHAZ,C,TOTAL,RS	: 	: 	: 	1135357 	759824 	868864 	1282966 
T,HAZ_NHAZ,C,TOTAL,SE	12633970 	12750526 	11926805 	7822631 	6157952 	5725885 	5800174 
T,HAZ_NHAZ,C,TOTAL,SI	1960074 	2385279 	1734777 	1514112 	1344999 	1314785 	1429641 
T,HAZ_NHAZ,C,TOTAL,SK	3878305 	5527117 	4469017 	2668787 	2516482 	2613258 	3445801 
T,HAZ_NHAZ,C,TOTAL,TR	16324633 	0 	10735474 	: 	: 	: 	: 
T,HAZ_NHAZ,C,TOTAL,UK	35056299 	28161267 	22837155 	10963236 	11520853 	10455270 	11804249 
T,HAZ_NHAZ,C,TOTAL,XK	: 	: 	: 	: 	80132 	72986 	585213 
T,HAZ_NHAZ,D,TOTAL,AT	365184 	2017095 	568962 	453221 	621680 	531191 	516385 
T,HAZ_NHAZ,D,TOTAL,BA	: 	: 	: 	: 	3170717 	: 	: 
T,HAZ_NHAZ,D,TOTAL,BE	989669 e	1285396 e	1086721 	1209045 	1301037 	1112588 	780913 
T,HAZ_NHAZ,D,TOTAL,BG	7817053 	6669576 	7654555 	8032225 	9532587 	9105116 	9522952 
T,HAZ_NHAZ,D,TOTAL,CY	2414 	2881 	2110 	2913 	2177 	1932 	2112 
T,HAZ_NHAZ,D,TOTAL,CZ	5155432 	2510732 	1919860 	1540399 	1062881 	1012205 	889250 
T,HAZ_NHAZ,D,TOTAL,DE	9134082 	8468297 	11706681 	9087238 	8049687 	9975200 	10178630 
T,HAZ_NHAZ,D,TOTAL,DK	1336930 	1461810 	1358230 	945936 	935438 	1110652 	828109 
T,HAZ_NHAZ,D,TOTAL,EE	6148365 	5708161 	5423863 	6534457 	6257828 	7109650 	6083146 
T,HAZ_NHAZ,D,TOTAL,EL	12988820 	12985844 	11180698 	11028582 	12258683 	10887688 	2560211 
T,HAZ_NHAZ,D,TOTAL,ES	5897332 	7229469 	4872159 	2339062 	5772474 	5271536 	3874067 
T,HAZ_NHAZ,D,TOTAL,EU27_2020	88210000 	189190000 	86190000 	80990000 	91500000 	89860000 	77040000 
T,HAZ_NHAZ,D,TOTAL,EU28	95130000 	196060000 	91070000 	84010000 	96170000 	92620000 	78220000 
T,HAZ_NHAZ,D,TOTAL,FI	1572994 	1635908 	1531317 	1444619 	1010767 	1464124 	1097723 
T,HAZ_NHAZ,D,TOTAL,FR	840690 	1033680 	1004080 	992630 	2100130 	1587553 	1450796 
T,HAZ_NHAZ,D,TOTAL,HR	616134 	532377 	136461 	107741 	107649 	119581 	123839 
T,HAZ_NHAZ,D,TOTAL,HU	3331869 e	3981109 e	3050228 e	2718233 	2871522 	2311832 	2579182 
T,HAZ_NHAZ,D,TOTAL,IE	286494 	346767 e	291726 	333651 	374849 	321019 	316937 
T,HAZ_NHAZ,D,TOTAL,IS	0 	: 	: 	1625 	1675 	149 	403 
T,HAZ_NHAZ,D,TOTAL,IT	2466542 	3005458 	3089900 	2660218 	3616226 	3195283 	2687738 
T,HAZ_NHAZ,D,TOTAL,LI	: 	: 	256 	375 	422 	296 	0 
T,HAZ_NHAZ,D,TOTAL,LT	52324 	34022 	50645 	36314 	29033 	100987 	132566 
T,HAZ_NHAZ,D,TOTAL,LU	867 	1403 	1393 	2057 	2335 	3149 	5946 
T,HAZ_NHAZ,D,TOTAL,LV	18847 	26221 	20161 	24665 	132507 	727167 	287478 
T,HAZ_NHAZ,D,TOTAL,ME	: 	: 	: 	: 	351331 	368592 	305682 
T,HAZ_NHAZ,D,TOTAL,MK	: 	: 	: 	4346 	6443 	510073 	9 
T,HAZ_NHAZ,D,TOTAL,MT	0 	0 	0 	109 	1741 	3914 	2934 
T,HAZ_NHAZ,D,TOTAL,NL	1600210 	1372320 	1430696 	1274922 	1342442 	1671432 	2048155 
T,HAZ_NHAZ,D,TOTAL,NO	40956 	45285 	46328 	28265 	88581 	190658 	213304 
T,HAZ_NHAZ,D,TOTAL,PL	22069091 	22404356 	19541442 	20290801 	20706438 	21892195 	20512487 
T,HAZ_NHAZ,D,TOTAL,PT	814655 e	464834 e	193390 	295642 	400753 	174543 	90213 
T,HAZ_NHAZ,D,TOTAL,RO	325920 	102616494 	7058116 	5887590 	9042997 	7091832 	6864572 
T,HAZ_NHAZ,D,TOTAL,RS	: 	: 	: 	6020287 	5744350 	4477814 	5958748 
T,HAZ_NHAZ,D,TOTAL,SE	1103741 	1318464 	1508043 	1478523 	1851739 	1895399 	1861618 
T,HAZ_NHAZ,D,TOTAL,SI	1545745 	498570 	353639 	1388080 	1069074 	633319 	784343 
T,HAZ_NHAZ,D,TOTAL,SK	1733155 	1577183 	1150662 	877646 	1045757 	544004 	957776 
T,HAZ_NHAZ,D,TOTAL,TR	13209467 	16009808 	25525058 	18577831 	18423742 	24014436 	19341730 
T,HAZ_NHAZ,D,TOTAL,UK	6915342 	6872788 	4884533 	3025707 	4667205 	2769687 	1179381 
T,HAZ_NHAZ,D,TOTAL,XK	: 	: 	: 	: 	151325 	310 	1130805 
T,HAZ_NHAZ,E36_E37_E39,TOTAL,AT	210409 	0 	687452 	331560 	323550 	287797 	285337 
T,HAZ_NHAZ,E36_E37_E39,TOTAL,BA	: 	: 	: 	: 	0 	: 	: 
T,HAZ_NHAZ,E36_E37_E39,TOTAL,BE	: c	245053 e	936235 	2671394 	1510059 	1564385 	2086694 
T,HAZ_NHAZ,E36_E37_E39,TOTAL,BG	1935 	0 	172508 	106682 	107880 	480545 	284342 
T,HAZ_NHAZ,E36_E37_E39,TOTAL,CY	0 	4210 	15467 	24476 	20722 	18954 	12726 
T,HAZ_NHAZ,E36_E37_E39,TOTAL,CZ	39959 	34298 	739961 	903749 	1245274 	754875 	816111 
T,HAZ_NHAZ,E36_E37_E39,TOTAL,DE	761731 	791286 	971940 	802616 	1308675 	1927540 	2425829 
T,HAZ_NHAZ,E36_E37_E39,TOTAL,DK	156161 e	154350 e	2197221 	233919 	163443 	153974 	152923 
T,HAZ_NHAZ,E36_E37_E39,TOTAL,EE	1612 e	23 e	80902 	29628 	141914 	42511 	43480 
T,HAZ_NHAZ,E36_E37_E39,TOTAL,EL	83401 	125977 	134000 	103866 	89978 	116300 	113420 
T,HAZ_NHAZ,E36_E37_E39,TOTAL,ES	1012157 	1148048 	2464835 	1855534 	1861962 	1301974 	1855537 
T,HAZ_NHAZ,E36_E37_E39,TOTAL,EU27_2020	5880000 	6740000 	21300000 	19590000 	23110000 	26010000 	26630000 
T,HAZ_NHAZ,E36_E37_E39,TOTAL,EU28	7420000 	8560000 	22950000 	19820000 	24330000 	27190000 	27830000 
T,HAZ_NHAZ,E36_E37_E39,TOTAL,FI	159209 	157721 	224935 	35974 	971852 	2022049 	1614265 
T,HAZ_NHAZ,E36_E37_E39,TOTAL,FR	1063000 	1063000 	4310300 	4285146 	4167142 	5945181 	5658312 
T,HAZ_NHAZ,E36_E37_E39,TOTAL,HR	15298 	745908 	399041 	570016 	35707 	34287 	17508 
T,HAZ_NHAZ,E36_E37_E39,TOTAL,HU	139375 e	196462 	565547 e	540976 	649423 	933083 	623056 
T,HAZ_NHAZ,E36_E37_E39,TOTAL,IE	42298 	75823 	172513 	419635 	218831 	474143 	117075 
T,HAZ_NHAZ,E36_E37_E39,TOTAL,IS	1000 	: 	: 	3398 	3307 	904 	1005 
T,HAZ_NHAZ,E36_E37_E39,TOTAL,IT	501148 e	492731 	2845931 	2588955 	6454923 	5930113 	6291407 
T,HAZ_NHAZ,E36_E37_E39,TOTAL,LI	: 	: 	205851 	242501 	0 	1301 	1119 
T,HAZ_NHAZ,E36_E37_E39,TOTAL,LT	40071 e	61355 	94073 	99143 	57866 	54939 	58197 
T,HAZ_NHAZ,E36_E37_E39,TOTAL,LU	6778 e	7443 	33962 	12595 	14634 	21200 	25281 
T,HAZ_NHAZ,E36_E37_E39,TOTAL,LV	26943 	13213 	68001 	77173 	87802 	76522 	42885 
T,HAZ_NHAZ,E36_E37_E39,TOTAL,ME	: 	: 	: 	: 	0 	11681 	5178 
T,HAZ_NHAZ,E36_E37_E39,TOTAL,MK	: 	: 	: 	0 	6357058 	1386 	2 
T,HAZ_NHAZ,E36_E37_E39,TOTAL,MT	0 	0 	82 	1567 	10935 	9580 	11640 
T,HAZ_NHAZ,E36_E37_E39,TOTAL,NL	344004 	359156 	1198902 	694202 	596589 	694469 	589923 
T,HAZ_NHAZ,E36_E37_E39,TOTAL,NO	105564 	103795 	104301 	159541 	130309 	141612 	146349 
T,HAZ_NHAZ,E36_E37_E39,TOTAL,PL	476050 	501340 	1151766 	2078042 	1650462 	1649265 	1901897 
T,HAZ_NHAZ,E36_E37_E39,TOTAL,PT	282236 e	186815 	442825 	406563 	508328 	648202 	451391 
T,HAZ_NHAZ,E36_E37_E39,TOTAL,RO	994 	137948 	153388 	164057 	337608 	239448 	433162 
T,HAZ_NHAZ,E36_E37_E39,TOTAL,RS	: 	: 	: 	0 	0 	147365 	108843 
T,HAZ_NHAZ,E36_E37_E39,TOTAL,SE	227967 	225188 e	798664 	246639 	235756 	239737 	232236 
T,HAZ_NHAZ,E36_E37_E39,TOTAL,SI	6954 	5225 e	96723 	60951 	73789 	206559 	223784 
T,HAZ_NHAZ,E36_E37_E39,TOTAL,SK	15740 	6432 	344723 	243333 	268678 	184572 	258571 
T,HAZ_NHAZ,E36_E37_E39,TOTAL,TR	: 	: 	0 	: 	: 	: 	299296 
T,HAZ_NHAZ,E36_E37_E39,TOTAL,UK	1543119 	1817830 e	1648499 	235678 	1214579 	1176144 	1207751 
T,HAZ_NHAZ,E36_E37_E39,TOTAL,XK	: 	: 	: 	: 	0 	65 	14 
T,HAZ_NHAZ,E38,TOTAL,AT	1909201 	243143 	1836911 	3731736 	2430183 	1963019 	2126320 
T,HAZ_NHAZ,E38,TOTAL,BA	: 	: 	: 	: 	0 	: 	: 
T,HAZ_NHAZ,E38,TOTAL,BE	6592523 e	14195064 e	10792826 e	11798508 	9774586 	11011243 	15256766 
T,HAZ_NHAZ,E38,TOTAL,BG	729531 	86645 	289039 	486364 	1022706 	846772 	1229892 
T,HAZ_NHAZ,E38,TOTAL,CY	15489 	4637 	181 	2497 	2570 	11111 	13341 
T,HAZ_NHAZ,E38,TOTAL,CZ	1462784 	2117005 	1801459 	2435539 	2494820 	2713467 	3427366 
T,HAZ_NHAZ,E38,TOTAL,DE	20568619 	27378662 	35044690 	34019137 	42447444 	46375503 	48647161 
T,HAZ_NHAZ,E38,TOTAL,DK	1873568 	1990355 	56341 	2971436 	1620779 	1856460 	1395687 
T,HAZ_NHAZ,E38,TOTAL,EE	177904 	270547 	312921 	248570 	536466 	477411 	629397 
T,HAZ_NHAZ,E38,TOTAL,EL	22923 	846306 	896308 	864270 	771150 	683980 	1687360 
T,HAZ_NHAZ,E38,TOTAL,ES	690191 	1742985 	2884749 	7718388 	11808783 	17254593 	18292633 
T,HAZ_NHAZ,E38,TOTAL,EU27_2020	77730000 	96910000 	104910000 	125460000 	143700000 	169870000 	187390000 
T,HAZ_NHAZ,E38,TOTAL,EU28	115150000 	124820000 	136580000 	143410000 	169560000 	203700000 	225790000 
T,HAZ_NHAZ,E38,TOTAL,FI	690659 	2240017 	795470 	2210944 	147438 	247383 	411588 
T,HAZ_NHAZ,E38,TOTAL,FR	11967290 	8664220 	8991350 	10650878 	14455555 	15882862 	16528792 
T,HAZ_NHAZ,E38,TOTAL,HR	1626470 	223754 	1641112 	1658975 	294859 	407696 	520553 
T,HAZ_NHAZ,E38,TOTAL,HU	1339961 e	1740947 e	706557 e	775418 	731970 	1639634 	1278486 
T,HAZ_NHAZ,E38,TOTAL,IE	139801 	78822 	: 	2984119 	1718694 	2559694 	1966150 
T,HAZ_NHAZ,E38,TOTAL,IS	0 	: 	: 	8722 	4595 	20987 	19445 
T,HAZ_NHAZ,E38,TOTAL,IT	11822278 	19165599 	19773004 	18273137 	27754121 	33631070 	34910761 
T,HAZ_NHAZ,E38,TOTAL,LI	: 	: 	130659 	21667 	0 	284 	90 
T,HAZ_NHAZ,E38,TOTAL,LT	681768 	300541 	183301 	168545 	250906 	567935 	961485 
T,HAZ_NHAZ,E38,TOTAL,LU	136627 	485523 	129100 	194415 	186381 	152051 	371026 
T,HAZ_NHAZ,E38,TOTAL,LV	2930 	39756 	25343 	44041 	198880 	229962 	246821 
T,HAZ_NHAZ,E38,TOTAL,ME	: 	: 	: 	: 	0 	9605 	79 
T,HAZ_NHAZ,E38,TOTAL,MK	: 	: 	: 	0 	2879 	785 	34 
T,HAZ_NHAZ,E38,TOTAL,MT	25485 	36552 	1256 	11748 	51394 	57157 	98969 
T,HAZ_NHAZ,E38,TOTAL,NL	7333686 	6909543 	6256488 	7116544 	6409545 	6397342 	6222434 
T,HAZ_NHAZ,E38,TOTAL,NO	184515 	696036 	566458 	679562 	256057 	705584 	679511 
T,HAZ_NHAZ,E38,TOTAL,PL	2496926 	3729533 	6475559 	11533989 	10355011 	15404854 	20025675 
T,HAZ_NHAZ,E38,TOTAL,PT	1169576 e	967492 e	1935373 	1447571 	1993549 	2430451 	2742913 
T,HAZ_NHAZ,E38,TOTAL,RO	996903 	243418 	553337 	879695 	1956645 	1556795 	1342111 
T,HAZ_NHAZ,E38,TOTAL,RS	: 	: 	: 	0 	0 	8852 	351818 
T,HAZ_NHAZ,E38,TOTAL,SE	2797713 	2821775 	3054476 	2706792 	3718966 	4210241 	6190078 
T,HAZ_NHAZ,E38,TOTAL,SI	47486 	42622 	28968 	37355 	163598 	498065 	170715 
T,HAZ_NHAZ,E38,TOTAL,SK	411145 	347061 	448054 	491530 	401890 	803618 	699184 
T,HAZ_NHAZ,E38,TOTAL,TR	: 	: 	0 	: 	: 	: 	: 
T,HAZ_NHAZ,E38,TOTAL,UK	37419389 	27908224 	31666855 	17948992 	25865908 	33828956 	38396105 
T,HAZ_NHAZ,E38,TOTAL,XK	: 	: 	: 	: 	4062 	1841 	97541 
T,HAZ_NHAZ,EP_HH,TOTAL,AT	3441041 	3711839 	3819277 	4622626 	4020113 	4170023 	4268278 
T,HAZ_NHAZ,EP_HH,TOTAL,BA	: 	: 	: 	: 	0 	: 	: 
T,HAZ_NHAZ,EP_HH,TOTAL,BE	5325207 e	4745161 e	4459161 	5862032 	5294743 	5419042 	5041207 
T,HAZ_NHAZ,EP_HH,TOTAL,BG	2633592 	2928981 	2907121 	3529458 	2754523 	2683016 	2840316 
T,HAZ_NHAZ,EP_HH,TOTAL,CY	367353 	356520 	432858 	461227 	369586 	323859 	394911 
T,HAZ_NHAZ,EP_HH,TOTAL,CZ	2841428 	3482017 	3176176 	3334240 	3232642 	3260580 	3579613 
T,HAZ_NHAZ,EP_HH,TOTAL,DE	38007849 	34626019 	35754996 	36311611 	36471810 	36887634 	37409896 
T,HAZ_NHAZ,EP_HH,TOTAL,DK	2016209 	2069635 	2514155 	3550267 	3332998 	3580549 	3480305 
T,HAZ_NHAZ,EP_HH,TOTAL,EE	401989 	411633 	439973 	430499 	436420 	482244 	429882 
T,HAZ_NHAZ,EP_HH,TOTAL,EL	4212962 s	4132645 	3954486 	5197519 	4859163 	4508249 	4788304 
T,HAZ_NHAZ,EP_HH,TOTAL,ES	24409990 	24078307 	24431321 	23198185 	21224354 	20159648 	21689437 
T,HAZ_NHAZ,EP_HH,TOTAL,EU27_2020	179960000 	183070000 	188040000 	192000000 	186000000 	180780000 	187400000 
T,HAZ_NHAZ,EP_HH,TOTAL,EU28	210970000 	215540000 	219580000 	219390000 	212420000 	207570000 	214700000 
T,HAZ_NHAZ,EP_HH,TOTAL,FI	1164497 	1191220 	1674400 	1680763 	1733525 	1602959 	1791659 
T,HAZ_NHAZ,EP_HH,TOTAL,FR	25688700 	26832200 	29310520 	29306586 	29996157 	28374300 	29193619 
T,HAZ_NHAZ,EP_HH,TOTAL,HR	: 	183162 	0 	0 	1190553 	1162112 	1144199 
T,HAZ_NHAZ,EP_HH,TOTAL,HU	4442050 e	2978311 e	3466071 e	2864896 	2680573 	2951303 	2905569 
T,HAZ_NHAZ,EP_HH,TOTAL,IE	1702345 	1978711 	1677338 	1730028 	1656670 	1524356 	1513544 
T,HAZ_NHAZ,EP_HH,TOTAL,IS	141487 	: 	: 	232256 	232921 	347640 	430927 
T,HAZ_NHAZ,EP_HH,TOTAL,IT	31149585 	32522650 	32471571 	32478921 	29993530 	29651721 	30116606 
T,HAZ_NHAZ,EP_HH,TOTAL,LI	: 	: 	0 	0 	316274 	26988 	27167 
T,HAZ_NHAZ,EP_HH,TOTAL,LT	601749 	1298932 	1362620 	1261400 	1176825 	1161764 	1119278 
T,HAZ_NHAZ,EP_HH,TOTAL,LU	221014 	191580 	276272 	250061 	249010 	242849 	639586 
T,HAZ_NHAZ,EP_HH,TOTAL,LV	543490 	853889 	606077 	694013 	1213193 	709118 	870177 
T,HAZ_NHAZ,EP_HH,TOTAL,ME	: 	: 	: 	: 	0 	187289 	227055 
T,HAZ_NHAZ,EP_HH,TOTAL,MK	: 	: 	: 	451382 	0 	0 	0 
T,HAZ_NHAZ,EP_HH,TOTAL,MT	132387 	130208 	145817 	149564 	149267 	154456 	165852 
T,HAZ_NHAZ,EP_HH,TOTAL,NL	9455209 	9416499 	9434770 	9084649 	8862530 	8523482 	8549762 
T,HAZ_NHAZ,EP_HH,TOTAL,NO	1933939 	2199862 	2224522 	2228608 	2437776 	2426530 	2444305 
T,HAZ_NHAZ,EP_HH,TOTAL,PL	6768077 	6885997 	6879294 	8889685 	9324197 	8240413 	9534484 
T,HAZ_NHAZ,EP_HH,TOTAL,PT	4582610 	4641103 e	5466307 	5461636 	4765925 	4710465 	4897262 
T,HAZ_NHAZ,EP_HH,TOTAL,RO	3638200 	6368670 	6503356 	5164479 	4525388 	3823053 	4098427 
T,HAZ_NHAZ,EP_HH,TOTAL,RS	: 	: 	: 	0 	0 	1637251 	1589709 
T,HAZ_NHAZ,EP_HH,TOTAL,SE	4079432 	4340669 	4393002 	4038272 	4193105 	4172574 	4410872 
T,HAZ_NHAZ,EP_HH,TOTAL,SI	660980 	1088875 	714165 	727708 	641449 	562375 	633790 
T,HAZ_NHAZ,EP_HH,TOTAL,SK	1475121 	1623306 	1772426 	1719012 	1656571 	1732983 	1889523 
T,HAZ_NHAZ,EP_HH,TOTAL,TR	29224710 e	30081820 	28454025 	29587465 	30785436 	31230000 	27985092 
T,HAZ_NHAZ,EP_HH,TOTAL,UK	31007480 	32466328 	31539338 	27393709 	26416270 	26797105 	27300581 
T,HAZ_NHAZ,EP_HH,TOTAL,XK	: 	: 	: 	: 	490045 	490045 	302741 
T,HAZ_NHAZ,F,TOTAL,AT	27935266 	31321626 	31389803 	20927070 	33468558 	40265570 	44914816 
T,HAZ_NHAZ,F,TOTAL,BA	: 	: 	: 	: 	0 	: 	: 
T,HAZ_NHAZ,F,TOTAL,BE	11037080 e	13089651 e	15441861 	16852673 	17132768 	18347257 	19573150 
T,HAZ_NHAZ,F,TOTAL,BG	2998621 	1023303 	1828761 	78880 	1032651 	1340467 	2089131 
T,HAZ_NHAZ,F,TOTAL,CY	488499 	298346 	431231 	1068282 	965177 	634801 	876525 
T,HAZ_NHAZ,F,TOTAL,CZ	8130735 	8379849 	10650635 	9353673 	8592900 	9409944 	10141985 
T,HAZ_NHAZ,F,TOTAL,DE	191562719 	196536165 	197206500 	190990217 	197527868 	206466169 	220499432 
T,HAZ_NHAZ,F,TOTAL,DK	4273801 	5802368 	5674326 	3142215 	7454350 	11263066 	12224799 
T,HAZ_NHAZ,F,TOTAL,EE	488537 	717105 	1099100 	436289 	657089 	671347 	1173517 
T,HAZ_NHAZ,F,TOTAL,EL	3324000 	6829161 	6828051 	2086080 	812519 	479999 	610638 
T,HAZ_NHAZ,F,TOTAL,ES	46319660 	47323392 	44926463 	37946523 	26129151 	20418071 	35827923 
T,HAZ_NHAZ,F,TOTAL,EU27_2020	667020000 	726740000 	763450000 	757070000 	729810000 	739970000 	787480000 
T,HAZ_NHAZ,F,TOTAL,EU28	766250000 	836290000 	864450000 	875980000 	843940000 	870250000 	923670000 
T,HAZ_NHAZ,F,TOTAL,FI	20842637 	23145712 	24455231 	24645393 	16033874 	16296811 	13825168 
T,HAZ_NHAZ,F,TOTAL,FR	210041309 s	225310888 	252979840 	260699131 	246702428 	227607180 	224355946 
T,HAZ_NHAZ,F,TOTAL,HR	646282 	18820 	129223 	7656 	674661 	618158 	1291506 
T,HAZ_NHAZ,F,TOTAL,HU	1735609 e	3045335 e	3240063 e	4072214 	4038081 	3439941 	3591723 
T,HAZ_NHAZ,F,TOTAL,IE	11286882 	16599466 	13547588 	1609762 	1132275 	1884390 	1521590 
T,HAZ_NHAZ,F,TOTAL,IS	18500 	: 	: 	12289 	10820 	32832 	43112 
T,HAZ_NHAZ,F,TOTAL,IT	49150771 	52315620 	69731942 	59340134 	52965743 	51670600 	54576762 
T,HAZ_NHAZ,F,TOTAL,LI	: 	: 	247 	31 	106623 	516704 	441557 
T,HAZ_NHAZ,F,TOTAL,LT	357380 	348968 	412045 	356772 	419136 	434737 	505758 
T,HAZ_NHAZ,F,TOTAL,LU	6979984 	6774547 	8282055 	8866757 	7079473 	5979235 	7614894 
T,HAZ_NHAZ,F,TOTAL,LV	8243 	19339 	12040 	21551 	7509 	454281 	111133 
T,HAZ_NHAZ,F,TOTAL,ME	: 	: 	: 	: 	0 	107036 	630654 
T,HAZ_NHAZ,F,TOTAL,MK	: 	: 	: 	0 	7 	9491 	87 
T,HAZ_NHAZ,F,TOTAL,MT	2810774 	2492522 	1698659 	988070 	1044088 	1241079 	1354892 
T,HAZ_NHAZ,F,TOTAL,NL	49619394 	56716248 	58886879 	78063887 	79166644 	90734851 	98551957 
T,HAZ_NHAZ,F,TOTAL,NO	1101407 	1252051 	1498376 	1542803 	1880543 	2572427 	3056136 
T,HAZ_NHAZ,F,TOTAL,PL	1677539 	14141031 	6929512 	20818234 	15367995 	17010251 	18890577 
T,HAZ_NHAZ,F,TOTAL,PT	2625939 e	3607449 e	1364419 	1287140 	1087141 	1185489 	1710703 
T,HAZ_NHAZ,F,TOTAL,RO	91397 	33740 	318097 	734946 	1325341 	1048011 	320811 
T,HAZ_NHAZ,F,TOTAL,RS	: 	: 	: 	0 	363706 	274769 	547473 
T,HAZ_NHAZ,F,TOTAL,SE	10271183 	8943363 	3310326 	9381226 	7655935 	8866720 	9810987 
T,HAZ_NHAZ,F,TOTAL,SI	907963 	994886 	1376225 	1509476 	535154 	815010 	543690 
T,HAZ_NHAZ,F,TOTAL,SK	1403965 	916228 	1301760 	1786430 	806184 	1386685 	967275 
T,HAZ_NHAZ,F,TOTAL,TR	: 	: 	0 	: 	: 	: 	: 
T,HAZ_NHAZ,F,TOTAL,UK	99234124 	109545987 	100999493 	118910602 	114120793 	130284145 	136196492 
T,HAZ_NHAZ,F,TOTAL,XK	: 	: 	: 	: 	0 	4516 	167645 
T,HAZ_NHAZ,G-U_X_G4677,TOTAL,AT	2856238 	3457848 	3395561 	12476048 	3054312 	2879149 	3120630 
T,HAZ_NHAZ,G-U_X_G4677,TOTAL,BA	: 	: 	: 	: 	0 	: 	: 
T,HAZ_NHAZ,G-U_X_G4677,TOTAL,BE	8688662 e	7039370 e	4402159 e	5101387 	4635229 	4840452 	4410860 
T,HAZ_NHAZ,G-U_X_G4677,TOTAL,BG	9181263 	1472988 	1462150 	930787 	1456849 	1231576 	1482075 
T,HAZ_NHAZ,G-U_X_G4677,TOTAL,CY	312969 s	247085 	190566 	170238 	175870 	195156 	200627 
T,HAZ_NHAZ,G-U_X_G4677,TOTAL,CZ	933156 	1025075 	881143 	1079516 	1120971 	1043286 	1060138 
T,HAZ_NHAZ,G-U_X_G4677,TOTAL,DE	16343215 	15107451 	9982717 	18320100 	15445392 	15957331 	15523491 
T,HAZ_NHAZ,G-U_X_G4677,TOTAL,DK	1289648 	1485800 	1680213 	205952 	1740508 	1623075 	1665151 
T,HAZ_NHAZ,G-U_X_G4677,TOTAL,EE	1719860 	1601195 e	706317 	191909 	397860 	579882 	615793 
T,HAZ_NHAZ,G-U_X_G4677,TOTAL,EL	1518098 s	1518098 	1796110 	1413293 	1511868 	820285 	974533 
T,HAZ_NHAZ,G-U_X_G4677,TOTAL,ES	14194258 	15376127 	12742102 	10122638 	8234852 	6299154 	6084055 
T,HAZ_NHAZ,G-U_X_G4677,TOTAL,EU27_2020	109520000 	115950000 	91270000 	98120000 	86210000 	84760000 	88780000 
T,HAZ_NHAZ,G-U_X_G4677,TOTAL,EU28	148640000 	157040000 	130850000 	126180000 	110320000 	109040000 	116300000 
T,HAZ_NHAZ,G-U_X_G4677,TOTAL,FI	1276435 	1668216 	799047 	7205 	1062191 	1224582 	953734 
T,HAZ_NHAZ,G-U_X_G4677,TOTAL,FR	24157950 s	24157950 	24083260 	25106764 	22082176 	19611766 	20429958 
T,HAZ_NHAZ,G-U_X_G4677,TOTAL,HR	116079 	856837 	86652 	20659 	557537 	622212 	559822 
T,HAZ_NHAZ,G-U_X_G4677,TOTAL,HU	1965045 e	2445429 e	1232083 e	1600670 	1383724 	1443962 	900398 
T,HAZ_NHAZ,G-U_X_G4677,TOTAL,IE	1183713 	1327064 	1477397 	140689 	1441897 	2125846 	2027102 
T,HAZ_NHAZ,G-U_X_G4677,TOTAL,IS	6350 	: 	: 	91565 	99228 	14344 	16028 
T,HAZ_NHAZ,G-U_X_G4677,TOTAL,IT	3860141 	5534068 	5550322 	4663689 	4602448 	4678602 	4826188 
T,HAZ_NHAZ,G-U_X_G4677,TOTAL,LI	: 	: 	0 	0 	0 	334 	4715 
T,HAZ_NHAZ,G-U_X_G4677,TOTAL,LT	158295 	554405 	625898 	67703 	558789 	577719 	630718 
T,HAZ_NHAZ,G-U_X_G4677,TOTAL,LU	178504 	242712 	184137 	214402 	218087 	254351 	644694 
T,HAZ_NHAZ,G-U_X_G4677,TOTAL,LV	98908 	239346 	166217 	13557 	258847 	103257 	118238 
T,HAZ_NHAZ,G-U_X_G4677,TOTAL,ME	: 	: 	: 	: 	0 	146161 	128229 
T,HAZ_NHAZ,G-U_X_G4677,TOTAL,MK	: 	: 	: 	0 	0 	20766 	1967 
T,HAZ_NHAZ,G-U_X_G4677,TOTAL,MT	167006 e	192255 e	204679 e	133401 	130577 	134873 	142259 
T,HAZ_NHAZ,G-U_X_G4677,TOTAL,NL	5298757 	5758250 	5850573 	5909612 	5844872 	5906589 	5988099 
T,HAZ_NHAZ,G-U_X_G4677,TOTAL,NO	865381 	1539947 	1675388 	1358529 	1969171 	2234969 	2420605 
T,HAZ_NHAZ,G-U_X_G4677,TOTAL,PL	1857712 	3512459 	4977011 	3259794 	3721328 	5690754 	8259001 
T,HAZ_NHAZ,G-U_X_G4677,TOTAL,PT	4244945 e	10352982 e	2877538 	980365 	975384 	914729 	934322 
T,HAZ_NHAZ,G-U_X_G4677,TOTAL,RO	5211853 	5593095 	3215332 	2873408 	2343556 	2752972 	2260516 
T,HAZ_NHAZ,G-U_X_G4677,TOTAL,RS	: 	: 	: 	0 	232456 	208280 	274871 
T,HAZ_NHAZ,G-U_X_G4677,TOTAL,SE	1516826 s	1516826 	1319724 	1831142 	1982840 	2049169 	2180152 
T,HAZ_NHAZ,G-U_X_G4677,TOTAL,SI	425773 	428634 	547162 	595311 	539026 	540963 	1609537 
T,HAZ_NHAZ,G-U_X_G4677,TOTAL,SK	761140 	3235758 	828660 	685915 	736410 	659414 	1177831 
T,HAZ_NHAZ,G-U_X_G4677,TOTAL,TR	61502 	: 	49945 	59967 	289079 	373845 	6093004 
T,HAZ_NHAZ,G-U_X_G4677,TOTAL,UK	39120091 	41087732 	39583600 	28060974 	24110905 	24278479 	27520551 
T,HAZ_NHAZ,G-U_X_G4677,TOTAL,XK	: 	: 	: 	: 	263870 	268099 	95454 
T,HAZ_NHAZ,G4677,TOTAL,AT	140088 	509490 	396937 	479238 	259904 	204616 	183082 
T,HAZ_NHAZ,G4677,TOTAL,BA	: 	: 	: 	: 	0 	: 	: 
T,HAZ_NHAZ,G4677,TOTAL,BE	167646 e	2923567 e	621482 e	1596525 	988177 	965742 	992315 
T,HAZ_NHAZ,G4677,TOTAL,BG	132340 	19298 	18862 	93267 	350582 	598876 	256535 
T,HAZ_NHAZ,G4677,TOTAL,CY	0 	1222 	1105 	552 	543 	12 	29 
T,HAZ_NHAZ,G4677,TOTAL,CZ	142011 	477318 	536418 	679730 	681987 	437167 	537868 
T,HAZ_NHAZ,G4677,TOTAL,DE	374271 	435520 	186147 	283691 	901609 	960895 	1084081 
T,HAZ_NHAZ,G4677,TOTAL,DK	63890 	66567 	177072 	3405102 	990 	7770 	1568 
T,HAZ_NHAZ,G4677,TOTAL,EE	144580 	163315 	311410 	850290 	11449 	7945 	11352 
T,HAZ_NHAZ,G4677,TOTAL,EL	28959 	2869 	0 	0 	0 	0 	0 
T,HAZ_NHAZ,G4677,TOTAL,ES	1865 	453933 	491911 	309711 	930475 	541356 	494901 
T,HAZ_NHAZ,G4677,TOTAL,EU27_2020	4060000 	8840000 	8740000 	21950000 	8960000 	8930000 	9820000 
T,HAZ_NHAZ,G4677,TOTAL,EU28	16710000 	19680000 	23060000 	39080000 	25110000 	24440000 	25760000 
T,HAZ_NHAZ,G4677,TOTAL,FI	33007 	650861 	828736 	1477742 	295270 	39458 	163437 
T,HAZ_NHAZ,G4677,TOTAL,FR	570 	570 	174490 	28018 	29453 	37257 	47072 
T,HAZ_NHAZ,G4677,TOTAL,HR	24748 	15792 	0 	115132 	4965 	1186 	43406 
T,HAZ_NHAZ,G4677,TOTAL,HU	995846 e	347602 e	290348 e	454737 	412654 	627887 	739543 
T,HAZ_NHAZ,G4677,TOTAL,IE	0 	: 	: 	7033799 	292 	6485 	519 
T,HAZ_NHAZ,G4677,TOTAL,IS	39000 	: 	: 	751 	1556 	168743 	255574 
T,HAZ_NHAZ,G4677,TOTAL,IT	7430 	427800 	1097107 	1678268 	1064810 	1288040 	1686362 
T,HAZ_NHAZ,G4677,TOTAL,LI	: 	: 	1554 	3428 	2146 	1651 	1411 
T,HAZ_NHAZ,G4677,TOTAL,LT	543154 	141793 	57597 	477567 	127256 	247586 	201153 
T,HAZ_NHAZ,G4677,TOTAL,LU	11957 	3676 	102 	12867 	5182 	1411 	678 
T,HAZ_NHAZ,G4677,TOTAL,LV	0 	1037 	18713 	179523 	10151 	34970 	692 
T,HAZ_NHAZ,G4677,TOTAL,ME	: 	: 	: 	: 	0 	0 	0 
T,HAZ_NHAZ,G4677,TOTAL,MK	: 	: 	: 	0 	0 	0 	2 
T,HAZ_NHAZ,G4677,TOTAL,MT	0 	86 	0 	0 	93 	11 	60 
T,HAZ_NHAZ,G4677,TOTAL,NL	31351 	68570 	35012 	40674 	62554 	80614 	98434 
T,HAZ_NHAZ,G4677,TOTAL,NO	643 	173351 	184489 	187461 	698979 	133723 	108399 
T,HAZ_NHAZ,G4677,TOTAL,PL	797769 	1129465 	1268355 	1023155 	1202700 	1632371 	1607066 
T,HAZ_NHAZ,G4677,TOTAL,PT	15683 e	25903 e	771533 	685530 	729933 	808418 	901893 
T,HAZ_NHAZ,G4677,TOTAL,RO	3716 	125225 	391587 	19627 	3277 	7575 	23993 
T,HAZ_NHAZ,G4677,TOTAL,RS	: 	: 	: 	0 	5876 	253 	77926 
T,HAZ_NHAZ,G4677,TOTAL,SE	214682 	655886 	841308 	804807 	756221 	313619 	615142 
T,HAZ_NHAZ,G4677,TOTAL,SI	10331 	473 	63 	31 	208 	4950 	22828 
T,HAZ_NHAZ,G4677,TOTAL,SK	173560 	194581 	217058 	220271 	133441 	74738 	105821 
T,HAZ_NHAZ,G4677,TOTAL,TR	: 	: 	0 	: 	: 	: 	: 
T,HAZ_NHAZ,G4677,TOTAL,UK	12645864 	10837967 	14323715 	17133601 	16146134 	15505484 	15937026 
T,HAZ_NHAZ,G4677,TOTAL,XK	: 	: 	: 	: 	0 	695 	78888 
T,HAZ_NHAZ,TOTAL_HH,TOTAL,AT	53020950 	54286603 	56308766 	46799579 	48045089 	55868298 	61225037 
T,HAZ_NHAZ,TOTAL_HH,TOTAL,BA	: 	: 	: 	: 	4456556 	: 	: 
T,HAZ_NHAZ,TOTAL_HH,TOTAL,BE	52809345 	59351721 e	48621916 	61345803 	53839470 	57965392 	63152384 
T,HAZ_NHAZ,TOTAL_HH,TOTAL,BG	201020467 	162881368 	167646316 	167396268 	161252166 	179677011 	120508475 
T,HAZ_NHAZ,TOTAL_HH,TOTAL,CY	2241520 	1248723 	1842781 	2371203 	1870769 	1974160 	2462503 
T,HAZ_NHAZ,TOTAL_HH,TOTAL,CZ	29275743 	24745752 	25419695 	23757566 	23171358 	23394956 	25381426 
T,HAZ_NHAZ,TOTAL_HH,TOTAL,DE	364021937 	363786069 	372796355 	363544995 	368022172 	387504241 	400071672 
T,HAZ_NHAZ,TOTAL_HH,TOTAL,DK	12588952 	14703138 	15155208 	16217736 	16713822 	20808843 	20981931 
T,HAZ_NHAZ,TOTAL_HH,TOTAL,EE	20860680 	18932903 	19583855 	19000195 	21992343 	21804040 	24277879 
T,HAZ_NHAZ,TOTAL_HH,TOTAL,EL	33346962 	51324662 	68643963 	70432705 	72328280 	69758868 	72358026 
T,HAZ_NHAZ,TOTAL_HH,TOTAL,ES	160668134 	160946629 	149254157 	137518902 	118561669 	110518494 	128958523 
T,HAZ_NHAZ,TOTAL_HH,TOTAL,EU27_2020	2248790000 	2276120000 	2144780000 	2212900000 	2242580000 	2243770000 	2260520000 
T,HAZ_NHAZ,TOTAL_HH,TOTAL,EU28	2547590000 	2567270000 	2427000000 	2454720000 	2484270000 	2507090000 	2537770000 
T,HAZ_NHAZ,TOTAL_HH,TOTAL,FI	69708476 	72205476 	81792854 	104336944 	91824193 	95969888 	122869183 
T,HAZ_NHAZ,TOTAL_HH,TOTAL,FR	296580889 s	312297824 s	345002210 	355081245 	344731922 	324462969 	323474270 
T,HAZ_NHAZ,TOTAL_HH,TOTAL,HR	7208688 	5425973 	4172152 	3157672 	3368714 	3724563 	5277598 
T,HAZ_NHAZ,TOTAL_HH,TOTAL,HU	24660920 e	22287476 e	16949197 e	16735423 	16310151 	16650639 	15938077 
T,HAZ_NHAZ,TOTAL_HH,TOTAL,IE	24499142 	29599175 e	22502816 	19807586 	12713021 	15166830 	15251689 
T,HAZ_NHAZ,TOTAL_HH,TOTAL,IS	501426 	: 	772584 	510941 	529351 	815148 	1067319 
T,HAZ_NHAZ,TOTAL_HH,TOTAL,IT	139806106 	155025054 	179257461 	158627618 	154427046 	157870348 	163995048 
T,HAZ_NHAZ,TOTAL_HH,TOTAL,LI	: 	: 	383337 	312180 	466547 	569067 	502581 
T,HAZ_NHAZ,TOTAL_HH,TOTAL,LT	7010178 	6361109 	6333352 	5578134 	5678751 	6200450 	6644315 
T,HAZ_NHAZ,TOTAL_HH,TOTAL,LU	8315766 	8378911 	9592144 	10441469 	8397228 	7072758 	10130076 
T,HAZ_NHAZ,TOTAL_HH,TOTAL,LV	1257225 	1858551 	1495084 	1498200 	2309581 	2621495 	2532684 
T,HAZ_NHAZ,TOTAL_HH,TOTAL,ME	: 	: 	: 	: 	385507 	1164024 	1685006 
T,HAZ_NHAZ,TOTAL_HH,TOTAL,MK	: 	: 	1362466 	2327590 	8472343 	2186612 	1424859 
T,HAZ_NHAZ,TOTAL_HH,TOTAL,MT	3146062 e	2861489 e	2070391 e	1352994 	1456213 	1664836 	1965514 
T,HAZ_NHAZ,TOTAL_HH,TOTAL,NL	92448121 	99166563 	102648605 	121145468 	121194466 	132362297 	141024020 
T,HAZ_NHAZ,TOTAL_HH,TOTAL,NO	7453565 	9913286 	10286643 	9432997 	10720872 	10614912 	11131594 
T,HAZ_NHAZ,TOTAL_HH,TOTAL,PL	137478449 	153628937 	138984638 	158661957 	162382959 	179179899 	182005677 
T,HAZ_NHAZ,TOTAL_HH,TOTAL,PT	29317295 e	34952771 e	16882923 	13640079 	13359517 	14368003 	14739135 
T,HAZ_NHAZ,TOTAL_HH,TOTAL,RO	369300408 s	344356921 	189138507 	201432951 	249354926 	176607415 	177562905 
T,HAZ_NHAZ,TOTAL_HH,TOTAL,RS	: 	: 	: 	33615918 	55002574 	49128310 	48965314 
T,HAZ_NHAZ,TOTAL_HH,TOTAL,SE	91759469 	94971307 	86168590 	117645185 	156306504 	167026886 	141625718 
T,HAZ_NHAZ,TOTAL_HH,TOTAL,SI	5770505 	6035829 	5038401 	5986106 	4546506 	4686417 	5494362 
T,HAZ_NHAZ,TOTAL_HH,TOTAL,SK	10668411 	14501495 	11472008 	9384112 	8425384 	8862778 	10606966 
T,HAZ_NHAZ,TOTAL_HH,TOTAL,TR	58820312 	46091628 	64764502 	63540624 	67383777 	73075119 	75534645 
T,HAZ_NHAZ,TOTAL_HH,TOTAL,UK	298798846 	291147402 	282222127 	241820047 	241690407 	263319476 	277254977 
T,HAZ_NHAZ,TOTAL_HH,TOTAL,XK	: 	: 	: 	: 	1166619 	1039803 	2855990 
